               epoch,      train/box_loss,      train/obj_loss,      train/cls_loss,   metrics/precision,      metrics/recall,     metrics/mAP_0.5,metrics/mAP_0.5:0.95,        val/box_loss,        val/obj_loss,        val/cls_loss,               x/lr0,               x/lr1,               x/lr2
                   0,             0.06196,            0.009372,            0.025747,           0.0022311,              0.1768,           0.0014161,          0.00029074,            0.020854,           0.0074531,           0.0095452,           0.0001952,           0.0001952,            0.047145
                   1,            0.056778,           0.0090972,            0.024627,           0.0044094,             0.18106,           0.0033018,          0.00077916,            0.017943,            0.007263,           0.0094266,          0.00039359,          0.00039359,            0.044244
                   2,            0.050404,           0.0093236,            0.023465,            0.013712,             0.12292,            0.009357,           0.0021454,            0.015172,           0.0070368,           0.0092823,          0.00059194,          0.00059194,            0.041342
                   3,            0.043665,           0.0094884,            0.021778,            0.038729,             0.12945,             0.02599,           0.0065264,            0.012772,           0.0067174,           0.0089896,          0.00079023,          0.00079023,             0.03844
                   4,            0.040934,           0.0093559,            0.021202,             0.10533,             0.16024,            0.086769,            0.027609,            0.011276,           0.0062693,           0.0086098,          0.00098842,          0.00098842,            0.035538
                   5,             0.03652,           0.0090169,            0.019582,             0.16626,             0.19266,             0.18301,            0.078557,           0.0099542,           0.0058028,           0.0082001,           0.0011865,           0.0011865,            0.032636
                   6,            0.033124,           0.0089872,            0.018936,             0.11986,             0.75992,             0.31095,             0.16031,           0.0089453,           0.0052661,           0.0076923,           0.0013844,           0.0013844,            0.029734
                   7,            0.030737,           0.0082952,            0.017599,              0.2298,             0.87773,             0.43506,             0.21258,           0.0082579,           0.0047088,           0.0072627,           0.0015821,           0.0015821,            0.026832
                   8,            0.030135,           0.0078545,            0.016604,             0.25246,             0.87308,              0.4074,             0.18876,           0.0086702,           0.0042082,           0.0069597,           0.0017796,           0.0017796,             0.02393
                   9,            0.030317,           0.0076963,            0.016464,             0.33679,              0.8275,              0.4699,             0.23672,           0.0081499,           0.0036977,           0.0066304,           0.0019769,           0.0019769,            0.021027
                  10,            0.029335,           0.0068897,            0.015631,             0.36594,             0.73501,             0.53714,             0.23534,           0.0088407,           0.0033858,           0.0064129,           0.0021739,           0.0021739,            0.018124
                  11,            0.029042,           0.0068769,            0.015228,             0.33497,             0.67047,             0.53439,             0.19435,           0.0087732,            0.003117,           0.0062375,           0.0023707,           0.0023707,            0.015221
                  12,            0.026827,           0.0066157,            0.014663,             0.36509,             0.75438,             0.56516,             0.24834,           0.0094288,           0.0028419,           0.0060189,           0.0025671,           0.0025671,            0.012317
                  13,            0.028585,           0.0061386,            0.014364,             0.46279,             0.69531,             0.61342,             0.32326,           0.0071795,           0.0027517,           0.0060469,           0.0027631,           0.0027631,           0.0094131
                  14,             0.02632,           0.0061174,            0.014173,             0.50695,             0.70045,             0.63411,             0.32659,           0.0081425,           0.0024994,           0.0058558,           0.0029588,           0.0029588,           0.0065088
                  15,            0.025862,            0.005603,            0.013436,             0.48022,             0.78342,             0.64206,              0.3055,           0.0073871,           0.0023644,           0.0057858,            0.003154,            0.003154,            0.003604
                  16,            0.025088,           0.0056609,            0.013859,             0.45695,             0.71025,             0.62307,             0.36593,           0.0076826,           0.0021676,           0.0056128,           0.0031803,           0.0031803,           0.0031803
                  17,            0.023607,           0.0057595,            0.012994,              0.5433,             0.70588,             0.69051,             0.32778,            0.007533,           0.0020283,            0.005429,           0.0031803,           0.0031803,           0.0031803
                  18,            0.023561,           0.0056345,             0.01309,              0.4616,             0.81208,             0.68858,             0.39631,           0.0067927,           0.0019817,           0.0052628,           0.0031777,           0.0031777,           0.0031777
                  19,            0.021865,           0.0050007,             0.01234,              0.5717,             0.74871,             0.77222,             0.44501,           0.0066985,           0.0018703,           0.0050875,           0.0031751,           0.0031751,           0.0031751
                  20,             0.02315,           0.0051311,             0.01259,             0.66849,             0.72567,             0.78933,             0.45698,           0.0070323,           0.0017657,           0.0049556,           0.0031722,           0.0031722,           0.0031722
                  21,            0.022191,           0.0049582,            0.011572,             0.64246,             0.79822,             0.84368,             0.46301,           0.0071349,           0.0017559,           0.0047346,           0.0031692,           0.0031692,           0.0031692
                  22,            0.021685,           0.0048608,            0.010774,             0.68647,             0.79194,             0.84829,             0.57864,           0.0056231,            0.001704,           0.0044063,           0.0031661,           0.0031661,           0.0031661
                  23,            0.021347,           0.0047771,            0.010879,             0.82946,              0.8517,             0.91053,             0.58251,           0.0054759,           0.0017056,           0.0040919,           0.0031628,           0.0031628,           0.0031628
                  24,            0.020861,           0.0047535,            0.010974,             0.82655,             0.85507,             0.91437,             0.50733,           0.0061331,           0.0016638,           0.0037954,           0.0031594,           0.0031594,           0.0031594
                  25,            0.021762,           0.0047145,            0.010312,              0.9005,             0.89423,             0.94934,             0.62679,           0.0050788,           0.0016131,           0.0035358,           0.0031558,           0.0031558,           0.0031558
                  26,             0.01895,           0.0045113,           0.0094226,               0.932,             0.87772,              0.9557,             0.47004,           0.0076908,           0.0015411,            0.003343,            0.003152,            0.003152,            0.003152
                  27,            0.020013,           0.0044902,           0.0093836,             0.92739,             0.90726,             0.97073,             0.59797,           0.0059491,           0.0015122,           0.0030767,           0.0031481,           0.0031481,           0.0031481
                  28,            0.019515,           0.0044105,           0.0087493,             0.92375,              0.9113,             0.97262,             0.53336,           0.0065506,            0.001449,           0.0029904,           0.0031441,           0.0031441,           0.0031441
                  29,            0.020002,           0.0043601,           0.0084736,             0.93028,             0.90971,             0.96795,             0.62704,           0.0061448,           0.0015078,           0.0027339,           0.0031399,           0.0031399,           0.0031399
                  30,            0.019064,           0.0042904,           0.0078173,             0.95255,             0.97346,             0.98574,             0.61428,           0.0064513,           0.0015225,           0.0024423,           0.0031356,           0.0031356,           0.0031356
                  31,            0.018542,           0.0041366,            0.007717,             0.97226,             0.95953,             0.98802,             0.62454,           0.0057453,           0.0014515,            0.002208,           0.0031311,           0.0031311,           0.0031311
                  32,            0.020766,           0.0041258,           0.0071718,             0.96192,             0.97653,             0.98542,             0.54995,           0.0063633,           0.0014231,           0.0020039,           0.0031265,           0.0031265,           0.0031265
                  33,            0.019659,           0.0041597,           0.0066178,             0.91842,             0.96991,             0.93666,             0.55429,            0.005975,            0.001462,           0.0018199,           0.0031217,           0.0031217,           0.0031217
                  34,            0.019104,            0.003924,           0.0067684,             0.95655,             0.97022,             0.98764,             0.67052,           0.0059352,            0.001442,           0.0017085,           0.0031168,           0.0031168,           0.0031168
                  35,            0.019242,           0.0040216,           0.0062416,             0.96497,                0.96,              0.9891,             0.60479,           0.0065477,           0.0013654,            0.001733,           0.0031117,           0.0031117,           0.0031117
                  36,            0.019209,             0.00399,            0.006362,             0.96143,             0.98334,             0.99061,              0.6649,           0.0053117,           0.0013711,           0.0016087,           0.0031065,           0.0031065,           0.0031065
                  37,             0.01847,           0.0038951,           0.0058485,             0.96286,             0.98175,             0.98879,             0.62891,             0.00582,           0.0013427,           0.0015772,           0.0031011,           0.0031011,           0.0031011
                  38,            0.019186,           0.0037405,           0.0052581,             0.96368,             0.97446,             0.98594,             0.64435,           0.0054059,           0.0013363,           0.0014865,           0.0030956,           0.0030956,           0.0030956
                  39,            0.017836,           0.0037373,           0.0056631,             0.97281,             0.97304,             0.98833,             0.63832,           0.0060767,            0.001301,           0.0013587,             0.00309,             0.00309,             0.00309
                  40,            0.017797,           0.0039343,           0.0054025,             0.98206,             0.97194,             0.98959,             0.66806,           0.0052643,           0.0013373,           0.0013208,           0.0030842,           0.0030842,           0.0030842
                  41,            0.018451,           0.0037007,           0.0051754,             0.96937,             0.97434,              0.9866,             0.67838,           0.0049992,           0.0013692,           0.0012671,           0.0030783,           0.0030783,           0.0030783
                  42,            0.018038,           0.0037683,           0.0053573,             0.97773,             0.97384,             0.98706,             0.68272,           0.0050197,           0.0012936,           0.0011794,           0.0030722,           0.0030722,           0.0030722
                  43,            0.017734,            0.003631,           0.0052599,             0.96858,             0.98414,             0.98696,             0.66631,           0.0051734,           0.0012883,           0.0011394,            0.003066,            0.003066,            0.003066
                  44,            0.018159,           0.0036679,           0.0046904,             0.96778,             0.98225,              0.9845,             0.64643,           0.0056547,           0.0012925,           0.0011524,           0.0030596,           0.0030596,           0.0030596
                  45,            0.018712,           0.0037212,           0.0049352,             0.97138,             0.95853,             0.98335,             0.65977,           0.0052086,           0.0012797,            0.001188,           0.0030532,           0.0030532,           0.0030532
                  46,            0.018582,           0.0036756,           0.0044902,             0.95505,             0.96917,             0.98095,             0.67315,            0.005006,           0.0012562,           0.0013134,           0.0030465,           0.0030465,           0.0030465
                  47,            0.017793,           0.0038008,           0.0047783,             0.96808,              0.9801,               0.987,             0.70425,           0.0051219,           0.0012684,           0.0010605,           0.0030398,           0.0030398,           0.0030398
                  48,            0.017793,           0.0035747,           0.0046791,             0.96274,             0.97953,             0.98237,             0.62469,            0.006135,           0.0012853,           0.0010523,           0.0030329,           0.0030329,           0.0030329
                  49,            0.017745,           0.0034282,           0.0045114,             0.95883,             0.98563,             0.98399,             0.70862,           0.0050351,           0.0012158,           0.0011162,           0.0030258,           0.0030258,           0.0030258
                  50,            0.017431,           0.0036764,           0.0043143,              0.9695,             0.98105,             0.98526,             0.68202,           0.0050594,           0.0012188,           0.0010393,           0.0030187,           0.0030187,           0.0030187
                  51,            0.018567,           0.0035284,           0.0045314,             0.98099,             0.97633,             0.98963,             0.68035,           0.0050592,           0.0012294,           0.0010023,           0.0030114,           0.0030114,           0.0030114
                  52,            0.017388,           0.0035295,           0.0045789,             0.96322,             0.98859,             0.98468,              0.6748,           0.0047376,           0.0012282,          0.00097051,           0.0030039,           0.0030039,           0.0030039
                  53,            0.017707,           0.0034365,           0.0039755,             0.96877,              0.9808,             0.98135,             0.65015,           0.0055652,           0.0012359,          0.00087381,           0.0029964,           0.0029964,           0.0029964
                  54,            0.016422,           0.0034574,           0.0041333,             0.96147,             0.98275,             0.98932,             0.68664,           0.0049891,           0.0011963,          0.00092575,           0.0029886,           0.0029886,           0.0029886
                  55,            0.016179,           0.0033044,           0.0037669,             0.96859,              0.9863,             0.98685,             0.72601,           0.0046002,           0.0012356,          0.00089698,           0.0029808,           0.0029808,           0.0029808
                  56,            0.016658,           0.0033243,           0.0039594,             0.96768,             0.98893,             0.98772,              0.7103,           0.0046211,           0.0011959,          0.00088532,           0.0029728,           0.0029728,           0.0029728
                  57,            0.017513,           0.0034951,           0.0043211,             0.96742,             0.98422,             0.98621,             0.73653,           0.0045127,           0.0012071,          0.00091898,           0.0029648,           0.0029648,           0.0029648
                  58,            0.016742,           0.0035093,           0.0036675,             0.97188,             0.98586,             0.98367,             0.69609,           0.0052883,           0.0011759,          0.00083027,           0.0029565,           0.0029565,           0.0029565
                  59,            0.016257,           0.0034261,           0.0038192,             0.96397,             0.99077,             0.98751,             0.73911,           0.0043898,           0.0012263,          0.00088307,           0.0029482,           0.0029482,           0.0029482
                  60,            0.016285,           0.0033536,            0.004067,             0.97463,             0.98272,             0.99161,             0.74672,           0.0043872,           0.0011571,          0.00082082,           0.0029397,           0.0029397,           0.0029397
                  61,            0.016264,            0.003214,           0.0041919,             0.96643,             0.98718,             0.98314,             0.69305,           0.0050462,           0.0011551,          0.00081196,           0.0029311,           0.0029311,           0.0029311
                  62,            0.017049,            0.003273,           0.0042053,             0.95718,             0.98247,             0.98668,             0.71066,           0.0049476,           0.0011712,          0.00088949,           0.0029224,           0.0029224,           0.0029224
                  63,            0.015994,           0.0034015,            0.003785,             0.96454,             0.98781,             0.98456,             0.69654,           0.0049825,           0.0011476,          0.00082015,           0.0029135,           0.0029135,           0.0029135
                  64,            0.016888,           0.0032135,           0.0032509,             0.96701,             0.99096,             0.98719,             0.73955,           0.0043583,           0.0011578,          0.00078738,           0.0029045,           0.0029045,           0.0029045
                  65,            0.015851,           0.0032029,           0.0038528,             0.96251,             0.99217,             0.98681,             0.70316,           0.0045507,            0.001162,          0.00080008,           0.0028954,           0.0028954,           0.0028954
                  66,            0.016767,           0.0032458,           0.0034596,             0.97017,             0.98554,             0.98788,             0.70273,            0.005001,           0.0011262,          0.00076611,           0.0028862,           0.0028862,           0.0028862
                  67,            0.016356,           0.0032508,           0.0038463,             0.97924,             0.98206,             0.98839,             0.69916,           0.0044869,            0.001119,          0.00074637,           0.0028769,           0.0028769,           0.0028769
                  68,            0.016466,             0.00324,           0.0037457,             0.96365,             0.99365,             0.98513,             0.67467,           0.0050946,           0.0011532,          0.00075018,           0.0028674,           0.0028674,           0.0028674
                  69,            0.015844,           0.0033518,           0.0031312,              0.9736,             0.99007,             0.98659,             0.75749,           0.0041164,           0.0011388,          0.00073967,           0.0028578,           0.0028578,           0.0028578
                  70,            0.015875,           0.0031325,           0.0032758,             0.97008,             0.99345,             0.98578,             0.73657,           0.0042573,           0.0011191,          0.00070083,           0.0028482,           0.0028482,           0.0028482
                  71,            0.016156,           0.0032805,           0.0032622,               0.965,             0.99612,             0.98844,             0.71628,           0.0044669,           0.0011069,          0.00068156,           0.0028383,           0.0028383,           0.0028383
                  72,            0.015823,           0.0034876,           0.0034669,             0.96547,              0.9951,             0.98792,             0.73676,           0.0043679,           0.0011322,          0.00070003,           0.0028284,           0.0028284,           0.0028284
                  73,            0.016088,           0.0033164,           0.0032034,             0.96664,             0.99355,             0.98496,             0.69127,           0.0048211,           0.0011011,          0.00068199,           0.0028184,           0.0028184,           0.0028184
                  74,            0.015213,           0.0031385,           0.0033654,               0.983,             0.97922,              0.9874,             0.72244,           0.0045535,           0.0010919,          0.00068926,           0.0028082,           0.0028082,           0.0028082
                  75,            0.015344,           0.0033225,           0.0031189,             0.97056,             0.98805,             0.98448,             0.73741,            0.004126,           0.0010965,          0.00072514,            0.002798,            0.002798,            0.002798
                  76,            0.016259,           0.0033173,           0.0029699,             0.97814,             0.98273,             0.98575,             0.73087,           0.0044349,           0.0011114,          0.00068077,           0.0027876,           0.0027876,           0.0027876
                  77,            0.015541,           0.0031876,           0.0032883,             0.97452,             0.98356,             0.98439,             0.72073,           0.0045133,           0.0011183,          0.00070339,           0.0027771,           0.0027771,           0.0027771
                  78,            0.014894,           0.0031271,            0.003196,             0.96621,             0.99565,             0.98456,             0.72006,           0.0044986,           0.0010992,          0.00068559,           0.0027665,           0.0027665,           0.0027665
                  79,            0.016426,           0.0032795,           0.0035001,             0.97169,             0.99063,             0.98517,             0.72337,           0.0043108,           0.0010812,          0.00074061,           0.0027558,           0.0027558,           0.0027558
                  80,            0.014945,           0.0032392,           0.0031903,             0.96139,             0.99683,             0.98614,             0.75262,           0.0041711,           0.0011068,          0.00070819,            0.002745,            0.002745,            0.002745
                  81,            0.015408,            0.003111,           0.0032211,             0.96442,             0.99514,             0.98565,             0.74534,           0.0042458,           0.0011123,          0.00061463,           0.0027341,           0.0027341,           0.0027341
                  82,            0.015579,           0.0029876,           0.0034367,             0.96547,             0.99494,             0.98413,             0.73452,           0.0043269,           0.0010982,          0.00064002,           0.0027231,           0.0027231,           0.0027231
                  83,            0.015622,           0.0031819,           0.0032531,             0.97392,             0.99185,             0.98831,             0.75036,           0.0040969,           0.0010813,          0.00060197,            0.002712,            0.002712,            0.002712
                  84,            0.014795,           0.0030995,           0.0029248,             0.97641,             0.98973,             0.98674,             0.75741,           0.0042681,           0.0010846,          0.00061714,           0.0027008,           0.0027008,           0.0027008
                  85,             0.01551,           0.0031689,           0.0031198,             0.97159,             0.99534,              0.9884,             0.73346,           0.0042611,           0.0011053,          0.00063137,           0.0026895,           0.0026895,           0.0026895
                  86,            0.014842,           0.0031268,           0.0032637,             0.96859,             0.99482,             0.98853,             0.74874,           0.0041025,           0.0010982,          0.00062445,           0.0026781,           0.0026781,           0.0026781
                  87,            0.014724,           0.0032189,           0.0030783,             0.96367,             0.99599,             0.98688,             0.70859,           0.0045776,           0.0010593,            0.000586,           0.0026666,           0.0026666,           0.0026666
                  88,            0.015634,           0.0030386,           0.0030195,             0.96938,             0.99316,             0.98849,             0.75428,           0.0042052,           0.0010754,          0.00061736,            0.002655,            0.002655,            0.002655
                  89,            0.014734,           0.0031708,           0.0029259,             0.96966,             0.98932,             0.98636,             0.75512,           0.0040687,           0.0010762,          0.00059195,           0.0026433,           0.0026433,           0.0026433
                  90,             0.01417,           0.0028467,           0.0028137,             0.97443,             0.99169,              0.9879,                0.75,           0.0041164,            0.001079,          0.00065259,           0.0026315,           0.0026315,           0.0026315
                  91,            0.015309,           0.0031261,           0.0031956,             0.96664,             0.99435,             0.98786,             0.76416,           0.0039175,           0.0010854,           0.0005795,           0.0026196,           0.0026196,           0.0026196
                  92,            0.014734,           0.0031283,           0.0026327,             0.96922,             0.99653,             0.98741,             0.75831,           0.0040904,           0.0010575,          0.00056986,           0.0026076,           0.0026076,           0.0026076
                  93,             0.01416,           0.0029014,           0.0027946,             0.97401,             0.99631,             0.98818,             0.74068,           0.0042736,           0.0010653,          0.00058688,           0.0025956,           0.0025956,           0.0025956
                  94,            0.014455,           0.0029794,           0.0028135,             0.97241,             0.99537,              0.9851,             0.76065,            0.004226,           0.0010672,          0.00060408,           0.0025834,           0.0025834,           0.0025834
                  95,            0.014955,           0.0029774,           0.0029029,             0.98184,             0.99246,             0.98699,             0.75151,           0.0040817,           0.0010753,          0.00057489,           0.0025712,           0.0025712,           0.0025712
                  96,            0.014751,            0.003122,           0.0032904,             0.97083,              0.9941,             0.98944,              0.7442,           0.0042261,           0.0010651,          0.00055708,           0.0025589,           0.0025589,           0.0025589
                  97,            0.014949,           0.0029543,           0.0028704,               0.971,             0.99507,             0.98683,             0.77665,           0.0040001,           0.0010466,          0.00056696,           0.0025464,           0.0025464,           0.0025464
                  98,            0.014342,           0.0030608,           0.0028014,             0.97482,             0.99401,             0.98812,             0.76551,           0.0040201,             0.00105,          0.00053043,            0.002534,            0.002534,            0.002534
                  99,            0.013849,           0.0029645,           0.0026599,             0.97437,              0.9944,              0.9882,             0.76513,           0.0039683,           0.0010479,            0.000501,           0.0025214,           0.0025214,           0.0025214
                 100,            0.015319,           0.0030051,           0.0026375,             0.97527,             0.99255,             0.98607,             0.77348,           0.0039604,           0.0010281,          0.00051945,           0.0025087,           0.0025087,           0.0025087
                 101,            0.014318,            0.002954,            0.002903,             0.97626,             0.98916,             0.98669,             0.76273,           0.0040275,           0.0010361,          0.00052203,            0.002496,            0.002496,            0.002496
                 102,            0.014526,           0.0029452,           0.0025882,             0.97546,             0.99215,             0.98758,             0.76341,           0.0041736,           0.0010358,          0.00050819,           0.0024832,           0.0024832,           0.0024832
                 103,            0.014101,           0.0030576,           0.0028048,             0.98464,             0.98249,             0.98817,              0.7638,           0.0039171,           0.0010653,          0.00054635,           0.0024703,           0.0024703,           0.0024703
                 104,            0.014168,           0.0029405,           0.0026713,             0.97266,             0.99652,             0.98693,             0.75848,           0.0039937,           0.0010335,          0.00050561,           0.0024574,           0.0024574,           0.0024574
                 105,            0.014465,           0.0029589,           0.0025185,             0.98079,             0.99335,             0.98918,             0.75122,           0.0041879,           0.0010548,           0.0005086,           0.0024443,           0.0024443,           0.0024443
                 106,            0.014287,           0.0030751,           0.0026619,             0.97991,             0.98759,              0.9894,             0.76085,           0.0040499,           0.0010317,          0.00053356,           0.0024312,           0.0024312,           0.0024312
                 107,            0.014834,           0.0030066,           0.0027196,             0.97534,             0.99276,             0.98756,             0.76182,           0.0039667,           0.0010288,          0.00051443,            0.002418,            0.002418,            0.002418
                 108,            0.014918,           0.0029389,           0.0027421,             0.97134,             0.99828,             0.98857,             0.77079,           0.0039511,           0.0010221,           0.0005399,           0.0024048,           0.0024048,           0.0024048
                 109,            0.014525,           0.0031048,           0.0024793,             0.97486,             0.99195,             0.98704,             0.76998,           0.0039264,            0.001022,          0.00050783,           0.0023915,           0.0023915,           0.0023915
                 110,            0.014709,           0.0030282,           0.0023806,              0.9745,             0.99508,             0.98836,             0.76492,           0.0038981,           0.0010187,          0.00048186,           0.0023781,           0.0023781,           0.0023781
                 111,            0.014115,           0.0029729,           0.0024142,             0.98044,             0.99287,             0.99183,             0.75218,           0.0043671,           0.0010292,          0.00047721,           0.0023647,           0.0023647,           0.0023647
                 112,            0.013462,           0.0029454,           0.0022836,             0.97202,             0.99555,             0.98819,             0.77947,           0.0037646,           0.0010259,          0.00048423,           0.0023512,           0.0023512,           0.0023512
                 113,            0.014518,           0.0030057,           0.0027087,             0.97035,             0.99655,             0.98713,             0.74148,           0.0041193,           0.0010262,          0.00048167,           0.0023376,           0.0023376,           0.0023376
                 114,            0.013648,           0.0027725,           0.0022894,             0.96291,             0.99828,             0.98757,              0.7604,           0.0039501,           0.0010358,          0.00047879,            0.002324,            0.002324,            0.002324
                 115,             0.01377,           0.0029419,           0.0027098,             0.97299,             0.99691,             0.99012,             0.76906,           0.0039427,           0.0010278,          0.00046734,           0.0023103,           0.0023103,           0.0023103
                 116,            0.013761,           0.0028492,           0.0023055,             0.97077,             0.99337,             0.98949,             0.76801,           0.0039015,           0.0010207,          0.00045854,           0.0022966,           0.0022966,           0.0022966
                 117,            0.013683,           0.0028935,           0.0026202,             0.97098,             0.99571,             0.98821,             0.78739,           0.0036933,           0.0010081,          0.00045334,           0.0022828,           0.0022828,           0.0022828
                 118,            0.014012,           0.0029099,           0.0025755,             0.97091,             0.99828,             0.98891,             0.77297,           0.0038086,           0.0010168,          0.00046467,           0.0022689,           0.0022689,           0.0022689
                 119,            0.013295,           0.0029704,           0.0023707,             0.97172,             0.99806,             0.98931,             0.76861,           0.0038686,           0.0010249,          0.00046317,            0.002255,            0.002255,            0.002255
                 120,            0.013911,           0.0029946,           0.0023502,             0.97783,             0.99104,             0.98977,             0.78136,           0.0036683,           0.0010116,          0.00045762,           0.0022411,           0.0022411,           0.0022411
                 121,            0.013736,           0.0028561,           0.0023066,             0.96836,             0.99547,             0.98852,             0.76087,           0.0039463,           0.0010443,          0.00044472,           0.0022271,           0.0022271,           0.0022271
                 122,            0.014333,           0.0029832,           0.0025719,             0.97018,             0.99612,             0.98874,             0.74298,           0.0042694,           0.0010039,           0.0004748,            0.002213,            0.002213,            0.002213
                 123,            0.013129,            0.002839,           0.0022245,             0.97174,              0.9939,             0.99056,             0.77292,            0.003875,           0.0010146,          0.00047787,            0.002199,            0.002199,            0.002199
                 124,            0.013311,           0.0027699,           0.0020769,              0.9688,             0.99826,             0.98911,             0.77433,           0.0038651,           0.0010012,          0.00046366,           0.0021848,           0.0021848,           0.0021848
                 125,            0.013736,           0.0028624,           0.0021944,             0.97428,             0.99394,             0.98942,             0.77279,           0.0038386,          0.00099853,           0.0004325,           0.0021706,           0.0021706,           0.0021706
                 126,            0.013221,           0.0028066,           0.0023566,             0.97271,             0.99625,             0.98984,              0.7811,            0.003787,          0.00098916,          0.00042679,           0.0021564,           0.0021564,           0.0021564
                 127,            0.012979,           0.0028193,           0.0020668,             0.97666,             0.99756,             0.99089,             0.78889,           0.0036513,          0.00098512,          0.00041109,           0.0021422,           0.0021422,           0.0021422
                 128,            0.013347,           0.0029268,           0.0021934,              0.9749,             0.99458,             0.98999,             0.79136,           0.0036581,          0.00097591,          0.00040537,           0.0021279,           0.0021279,           0.0021279
                 129,             0.01415,            0.002841,           0.0025001,             0.97463,             0.99372,             0.98897,             0.79218,           0.0036386,          0.00097511,          0.00039686,           0.0021135,           0.0021135,           0.0021135
                 130,            0.013508,           0.0027202,           0.0021558,              0.9742,             0.99387,             0.98922,             0.77381,           0.0038729,          0.00098466,          0.00040549,           0.0020991,           0.0020991,           0.0020991
                 131,            0.012689,           0.0028749,           0.0026838,             0.97347,             0.99083,             0.98949,              0.7661,            0.003891,          0.00099583,          0.00041184,           0.0020847,           0.0020847,           0.0020847
                 132,            0.013506,           0.0029174,           0.0024022,             0.97816,             0.99181,             0.98982,             0.77561,           0.0039405,          0.00098891,          0.00037751,           0.0020703,           0.0020703,           0.0020703
                 133,            0.012855,           0.0028696,           0.0020433,             0.97854,             0.99144,             0.99026,              0.7819,            0.003703,          0.00097556,          0.00039836,           0.0020558,           0.0020558,           0.0020558
                 134,            0.012781,           0.0027507,           0.0020091,             0.97359,             0.99743,             0.99055,             0.79291,           0.0035913,          0.00096914,          0.00040911,           0.0020413,           0.0020413,           0.0020413
                 135,              0.0132,           0.0028822,           0.0021803,             0.97597,             0.98966,             0.99095,             0.78475,           0.0037192,          0.00098003,          0.00039208,           0.0020268,           0.0020268,           0.0020268
                 136,            0.012615,           0.0027449,           0.0022557,             0.97436,             0.99458,             0.99108,             0.77971,           0.0037942,          0.00097545,          0.00039517,           0.0020123,           0.0020123,           0.0020123
                 137,            0.012799,            0.002737,            0.002038,             0.97149,             0.99597,             0.98948,             0.79228,           0.0036306,          0.00097126,          0.00039262,           0.0019977,           0.0019977,           0.0019977
                 138,            0.012804,           0.0026842,           0.0020656,             0.96882,             0.99733,             0.98828,             0.79271,           0.0035418,          0.00097175,          0.00037681,           0.0019831,           0.0019831,           0.0019831
                 139,            0.012743,           0.0027144,            0.002039,             0.97162,             0.99785,             0.99007,              0.7912,           0.0035226,           0.0009724,          0.00036631,           0.0019685,           0.0019685,           0.0019685
                 140,            0.013068,           0.0027763,           0.0019441,             0.97106,             0.99706,             0.99054,             0.78461,           0.0036704,          0.00097171,          0.00038107,           0.0019538,           0.0019538,           0.0019538
                 141,            0.012835,           0.0029675,           0.0018312,              0.9777,             0.99198,             0.98973,             0.79371,           0.0036004,          0.00095841,          0.00036801,           0.0019392,           0.0019392,           0.0019392
                 142,            0.012756,           0.0028419,            0.001865,             0.97863,             0.99274,             0.99036,             0.78614,           0.0036965,          0.00096759,          0.00036377,           0.0019245,           0.0019245,           0.0019245
                 143,            0.013279,           0.0027781,           0.0019799,             0.97694,             0.99325,              0.9898,             0.79085,           0.0036854,          0.00097239,          0.00037282,           0.0019098,           0.0019098,           0.0019098
                 144,            0.012677,           0.0026665,           0.0018875,             0.97855,             0.98771,             0.98873,             0.79074,           0.0036263,          0.00098867,          0.00038674,           0.0018951,           0.0018951,           0.0018951
                 145,            0.013035,           0.0028642,            0.001844,             0.97124,             0.99679,             0.98827,             0.78454,           0.0036283,          0.00097164,          0.00039391,           0.0018804,           0.0018804,           0.0018804
                 146,             0.01269,           0.0027088,           0.0018641,             0.97239,             0.99609,             0.98962,             0.79197,           0.0036016,          0.00097494,          0.00036797,           0.0018657,           0.0018657,           0.0018657
                 147,            0.012832,            0.002841,           0.0021367,             0.97332,             0.99814,             0.99016,             0.78959,           0.0035843,          0.00096622,          0.00035287,            0.001851,            0.001851,            0.001851
                 148,            0.012834,           0.0027373,           0.0022144,             0.98209,             0.99406,             0.99082,             0.78867,           0.0036527,          0.00096933,          0.00035118,           0.0018362,           0.0018362,           0.0018362
                 149,             0.01245,           0.0028092,           0.0019717,             0.97364,             0.99828,             0.98923,             0.79903,           0.0034862,          0.00095256,          0.00035489,           0.0018215,           0.0018215,           0.0018215
                 150,            0.012732,            0.002816,           0.0019666,             0.97562,             0.99598,             0.98944,             0.77945,           0.0036109,          0.00097061,          0.00033278,           0.0018067,           0.0018067,           0.0018067
                 151,            0.012486,           0.0025573,           0.0018915,             0.96716,             0.99734,             0.99014,             0.79704,           0.0034812,           0.0009677,          0.00033674,            0.001792,            0.001792,            0.001792
                 152,             0.01259,           0.0028395,           0.0019118,             0.97765,             0.99078,             0.99001,              0.7888,           0.0036307,          0.00096207,          0.00034354,           0.0017773,           0.0017773,           0.0017773
                 153,             0.01274,           0.0028147,           0.0021376,             0.97221,             0.99507,              0.9898,             0.79206,           0.0035697,          0.00095074,          0.00034778,           0.0017625,           0.0017625,           0.0017625
                 154,            0.012541,           0.0027291,           0.0021184,             0.97069,             0.99824,              0.9903,             0.79639,           0.0034401,          0.00095441,          0.00034398,           0.0017478,           0.0017478,           0.0017478
                 155,             0.01219,           0.0026846,           0.0019072,             0.97826,             0.99176,             0.99057,             0.78747,           0.0035703,          0.00095424,          0.00032672,            0.001733,            0.001733,            0.001733
                 156,            0.012442,           0.0026389,           0.0020452,              0.9772,             0.99015,             0.99006,             0.80162,           0.0034483,          0.00095118,          0.00033452,           0.0017183,           0.0017183,           0.0017183
                 157,            0.012068,           0.0027463,           0.0023305,             0.97518,             0.99752,             0.99086,             0.78994,           0.0035676,          0.00095535,          0.00033154,           0.0017036,           0.0017036,           0.0017036
                 158,            0.012358,           0.0027162,           0.0020237,             0.97833,             0.99294,             0.99147,             0.79988,           0.0034322,          0.00094757,          0.00033313,           0.0016889,           0.0016889,           0.0016889
                 159,            0.012564,           0.0028537,           0.0017806,             0.96836,             0.99826,             0.99145,              0.7964,           0.0034909,          0.00095692,          0.00032981,           0.0016742,           0.0016742,           0.0016742
                 160,            0.012068,           0.0027472,           0.0018696,              0.9782,             0.99598,             0.99065,             0.79982,           0.0034462,          0.00094192,          0.00032686,           0.0016595,           0.0016595,           0.0016595
                 161,            0.012353,           0.0028441,           0.0016705,             0.97604,              0.9924,             0.99054,             0.80077,           0.0034115,          0.00094699,          0.00033681,           0.0016448,           0.0016448,           0.0016448
                 162,            0.012811,           0.0027301,           0.0022533,             0.97616,             0.99608,             0.99112,             0.79759,           0.0035006,          0.00095581,          0.00031777,           0.0016302,           0.0016302,           0.0016302
                 163,             0.01195,           0.0027164,           0.0018851,             0.97996,             0.99466,              0.9912,             0.79697,           0.0034579,          0.00094451,          0.00031532,           0.0016155,           0.0016155,           0.0016155
                 164,              0.0125,           0.0026806,           0.0020641,             0.97329,              0.9961,             0.99012,             0.78536,           0.0035915,          0.00094641,          0.00031872,           0.0016009,           0.0016009,           0.0016009
                 165,            0.012094,           0.0027752,           0.0018722,             0.97685,             0.99611,             0.99057,               0.798,           0.0034169,          0.00094767,          0.00030984,           0.0015863,           0.0015863,           0.0015863
                 166,            0.012163,           0.0027095,           0.0016583,             0.98009,             0.99545,             0.99112,             0.80356,           0.0033498,          0.00094423,           0.0003045,           0.0015717,           0.0015717,           0.0015717
                 167,            0.012375,           0.0027344,           0.0018351,             0.97737,             0.99567,             0.99103,             0.80541,           0.0034421,          0.00094381,          0.00030014,           0.0015572,           0.0015572,           0.0015572
                 168,            0.011937,           0.0026778,           0.0022044,             0.98033,             0.99017,             0.99062,             0.80186,           0.0034167,          0.00094469,          0.00030561,           0.0015427,           0.0015427,           0.0015427
                 169,            0.011649,            0.002637,           0.0020149,             0.97674,             0.99811,             0.99194,              0.7987,            0.003509,           0.0009576,          0.00032184,           0.0015282,           0.0015282,           0.0015282
                 170,            0.011869,           0.0027615,           0.0019858,             0.97963,              0.9943,             0.99055,              0.8017,           0.0034012,          0.00094238,          0.00030651,           0.0015137,           0.0015137,           0.0015137
                 171,            0.012355,           0.0028755,           0.0016714,             0.97679,             0.99656,             0.99034,             0.80501,           0.0033231,          0.00093345,          0.00028904,           0.0014993,           0.0014993,           0.0014993
                 172,            0.012048,           0.0027091,           0.0020218,             0.97561,             0.99827,             0.99117,               0.806,           0.0033308,          0.00093582,          0.00028634,           0.0014849,           0.0014849,           0.0014849
                 173,            0.011563,            0.002655,            0.001873,              0.9828,             0.99321,             0.99102,               0.803,           0.0034321,           0.0009336,          0.00028139,           0.0014705,           0.0014705,           0.0014705
                 174,            0.011873,           0.0028204,           0.0017064,             0.98141,             0.99208,             0.99121,             0.80152,           0.0033882,          0.00093168,           0.0002793,           0.0014561,           0.0014561,           0.0014561
                 175,            0.012029,           0.0026338,           0.0015335,             0.97294,             0.99766,             0.99059,              0.7936,           0.0036255,          0.00092829,          0.00027436,           0.0014418,           0.0014418,           0.0014418
                 176,            0.011727,            0.002586,           0.0019594,             0.98411,             0.99162,             0.99174,             0.80834,           0.0033451,          0.00092715,          0.00027672,           0.0014276,           0.0014276,           0.0014276
                 177,            0.011993,           0.0025458,           0.0016389,             0.97732,             0.99575,             0.99094,             0.80704,            0.003505,           0.0009302,          0.00027083,           0.0014134,           0.0014134,           0.0014134
                 178,            0.012308,           0.0026147,            0.001756,             0.98331,             0.98858,             0.99111,              0.7987,            0.003528,          0.00093628,          0.00027334,           0.0013992,           0.0013992,           0.0013992
                 179,            0.011881,           0.0027455,           0.0016565,              0.9737,             0.99699,             0.99153,             0.80536,           0.0034185,          0.00093966,          0.00029047,            0.001385,            0.001385,            0.001385
                 180,            0.011689,           0.0027757,           0.0016855,             0.97344,             0.99775,             0.99139,             0.80775,            0.003422,          0.00093212,          0.00027995,            0.001371,            0.001371,            0.001371
                 181,            0.011826,           0.0026002,           0.0016362,             0.97698,             0.99575,             0.99069,             0.79935,           0.0034548,           0.0009259,          0.00027086,           0.0013569,           0.0013569,           0.0013569
                 182,            0.011421,           0.0026541,           0.0017398,              0.9776,             0.99463,             0.99142,             0.80469,           0.0034317,          0.00092423,           0.0002629,           0.0013429,           0.0013429,           0.0013429
                 183,            0.012248,           0.0027571,           0.0020519,             0.98397,              0.9901,             0.99132,             0.80601,           0.0033539,           0.0009322,          0.00025351,            0.001329,            0.001329,            0.001329
                 184,            0.012521,           0.0026075,           0.0017728,             0.98185,              0.9937,             0.99155,             0.80429,           0.0034113,          0.00092682,          0.00024852,           0.0013151,           0.0013151,           0.0013151
                 185,            0.011258,           0.0027408,           0.0015143,             0.97838,             0.99609,             0.99102,             0.80575,           0.0034244,           0.0009227,          0.00024443,           0.0013012,           0.0013012,           0.0013012
                 186,             0.01214,           0.0026324,           0.0016549,             0.97826,             0.99532,              0.9911,             0.80817,           0.0033743,          0.00092512,          0.00024118,           0.0012874,           0.0012874,           0.0012874
                 187,            0.011998,           0.0027811,           0.0016767,             0.97406,             0.99795,             0.99178,             0.80907,           0.0033789,          0.00091755,          0.00024679,           0.0012737,           0.0012737,           0.0012737
                 188,            0.011438,           0.0026383,           0.0015825,             0.97699,             0.99603,             0.99185,             0.80851,            0.003366,          0.00091694,          0.00023925,             0.00126,             0.00126,             0.00126
                 189,            0.011545,           0.0025647,           0.0016542,             0.97658,             0.99818,             0.99151,             0.80517,           0.0033359,           0.0009297,          0.00023353,           0.0012464,           0.0012464,           0.0012464
                 190,            0.011648,           0.0026455,              0.0016,             0.97886,             0.99824,             0.99191,             0.79729,           0.0034627,          0.00092004,          0.00024309,           0.0012328,           0.0012328,           0.0012328
                 191,            0.011426,           0.0026183,           0.0014216,             0.97952,             0.99828,             0.99185,             0.81192,           0.0032632,          0.00091511,          0.00023747,           0.0012193,           0.0012193,           0.0012193
                 192,            0.011811,           0.0025022,           0.0015567,             0.97992,             0.99722,             0.99173,             0.80564,           0.0034101,          0.00091907,          0.00024178,           0.0012059,           0.0012059,           0.0012059
                 193,            0.011383,           0.0026257,           0.0015664,             0.97534,             0.99756,             0.99132,             0.81094,           0.0032707,          0.00090951,          0.00024421,           0.0011925,           0.0011925,           0.0011925
                 194,            0.011236,           0.0025011,           0.0016993,             0.97696,             0.99653,             0.99118,              0.8081,           0.0033454,          0.00091128,          0.00023573,           0.0011792,           0.0011792,           0.0011792
                 195,            0.012013,           0.0025249,           0.0019402,             0.97945,             0.99755,             0.99188,             0.80956,           0.0033233,          0.00090821,          0.00023412,            0.001166,            0.001166,            0.001166
                 196,             0.01166,           0.0025908,           0.0015848,             0.98438,             0.99268,              0.9924,             0.81112,           0.0033144,           0.0009109,          0.00022911,           0.0011528,           0.0011528,           0.0011528
                 197,            0.011532,           0.0025944,           0.0016731,             0.98184,             0.99445,             0.99243,             0.80932,            0.003316,          0.00091648,          0.00022908,           0.0011397,           0.0011397,           0.0011397
                 198,            0.011582,           0.0026598,           0.0016193,             0.98203,             0.99828,             0.99237,             0.81155,           0.0033022,          0.00091239,          0.00022558,           0.0011266,           0.0011266,           0.0011266
                 199,            0.011175,           0.0026177,           0.0014356,             0.98044,             0.99787,              0.9921,             0.81016,           0.0033463,          0.00090841,          0.00022595,           0.0011137,           0.0011137,           0.0011137
                 200,            0.011887,           0.0024271,           0.0014974,             0.98135,             0.99514,             0.99224,             0.80805,            0.003379,          0.00091382,          0.00023503,           0.0011008,           0.0011008,           0.0011008
                 201,            0.011745,           0.0025671,           0.0014637,             0.97849,             0.99612,             0.99233,             0.80964,           0.0033025,          0.00090444,          0.00022394,            0.001088,            0.001088,            0.001088
                 202,            0.011458,           0.0025891,           0.0014282,             0.98078,             0.99612,             0.99212,             0.81092,           0.0032552,          0.00091086,          0.00022606,           0.0010753,           0.0010753,           0.0010753
                 203,            0.011469,           0.0025276,            0.001596,             0.98324,             0.99388,             0.99216,             0.81427,           0.0032435,          0.00091279,          0.00022314,           0.0010626,           0.0010626,           0.0010626
                 204,            0.011434,           0.0026153,           0.0014716,             0.98372,             0.99324,             0.99206,             0.81142,           0.0033014,          0.00090915,          0.00021215,             0.00105,             0.00105,             0.00105
                 205,            0.011177,           0.0026086,           0.0015577,             0.98807,             0.99041,              0.9922,             0.81573,           0.0032582,          0.00090269,           0.0002132,           0.0010376,           0.0010376,           0.0010376
                 206,            0.011378,           0.0026225,           0.0015445,             0.98159,             0.99842,             0.99192,              0.8139,           0.0032755,          0.00090869,          0.00020639,           0.0010251,           0.0010251,           0.0010251
                 207,            0.011442,            0.002575,           0.0016854,             0.97901,             0.99828,             0.99158,             0.81147,           0.0032725,          0.00090994,          0.00020333,           0.0010128,           0.0010128,           0.0010128
                 208,            0.011205,           0.0026683,           0.0013488,             0.97974,             0.99826,             0.99148,             0.81599,           0.0032384,          0.00091013,          0.00020453,           0.0010006,           0.0010006,           0.0010006
                 209,            0.011616,           0.0026275,           0.0015039,             0.98215,             0.99816,             0.99156,             0.81305,           0.0032983,          0.00090737,          0.00020697,          0.00098844,          0.00098844,          0.00098844
                 210,            0.011345,           0.0027208,           0.0016274,             0.98132,             0.99612,             0.99174,             0.81598,           0.0032508,          0.00090122,            0.000204,          0.00097637,          0.00097637,          0.00097637
                 211,            0.011355,           0.0026588,           0.0014797,             0.97872,             0.99432,             0.99198,             0.81618,           0.0032739,          0.00090623,           0.0002111,           0.0009644,           0.0009644,           0.0009644
                 212,            0.011641,           0.0027579,           0.0016583,             0.98155,             0.99426,             0.99195,             0.81449,           0.0032625,          0.00090545,          0.00020304,          0.00095252,          0.00095252,          0.00095252
                 213,            0.011329,           0.0025602,           0.0015846,             0.98089,             0.99828,              0.9923,              0.8142,           0.0032491,          0.00089994,          0.00020639,          0.00094072,          0.00094072,          0.00094072
                 214,            0.011663,           0.0028079,           0.0013105,             0.98396,             0.99484,             0.99244,             0.81114,           0.0032697,          0.00090299,          0.00020478,          0.00092903,          0.00092903,          0.00092903
                 215,            0.011201,           0.0025687,           0.0015751,             0.98504,             0.99484,             0.99285,             0.81679,           0.0032782,          0.00090391,          0.00020056,          0.00091742,          0.00091742,          0.00091742
                 216,            0.011295,           0.0025035,           0.0015864,             0.98133,             0.99549,             0.99266,             0.81626,           0.0032586,          0.00090447,          0.00019899,          0.00090592,          0.00090592,          0.00090592
                 217,            0.011221,           0.0025063,           0.0013535,             0.98145,             0.99612,             0.99237,             0.81472,           0.0032096,           0.0009057,          0.00019145,          0.00089451,          0.00089451,          0.00089451
                 218,            0.011158,           0.0026568,           0.0016434,             0.98293,              0.9931,             0.99221,              0.8164,           0.0031954,          0.00090464,          0.00019086,           0.0008832,           0.0008832,           0.0008832
                 219,            0.010894,           0.0025227,           0.0014348,             0.98248,             0.99601,             0.99229,             0.81632,           0.0032073,          0.00090646,          0.00018775,          0.00087198,          0.00087198,          0.00087198
                 220,            0.011012,           0.0025853,           0.0016636,             0.98444,             0.99594,             0.99246,             0.81395,           0.0032207,          0.00090848,           0.0001871,          0.00086087,          0.00086087,          0.00086087
                 221,            0.010951,           0.0024945,           0.0013861,             0.98836,             0.99502,             0.99245,             0.81924,           0.0031943,          0.00090071,          0.00018225,          0.00084986,          0.00084986,          0.00084986
                 222,            0.011467,           0.0026482,           0.0014288,              0.9843,             0.99466,             0.99256,              0.8102,           0.0032283,          0.00090831,          0.00017938,          0.00083896,          0.00083896,          0.00083896
                 223,             0.01096,           0.0025534,            0.001285,             0.98333,             0.99612,             0.99238,             0.81363,           0.0032119,          0.00090683,          0.00018152,          0.00082816,          0.00082816,          0.00082816
                 224,            0.011084,           0.0024577,           0.0011222,             0.98567,             0.99459,             0.99241,             0.81801,           0.0031933,          0.00090278,          0.00018207,          0.00081746,          0.00081746,          0.00081746
                 225,            0.011111,           0.0025318,           0.0014768,              0.9842,             0.99466,             0.99238,             0.81541,           0.0032067,          0.00090417,          0.00017948,          0.00080687,          0.00080687,          0.00080687
                 226,            0.011009,           0.0025873,           0.0014735,             0.98496,             0.99288,             0.99243,             0.81628,            0.003203,          0.00089994,          0.00018195,          0.00079639,          0.00079639,          0.00079639
                 227,            0.011306,            0.002578,           0.0015163,             0.98214,             0.99459,             0.99255,             0.81632,           0.0032411,          0.00090031,          0.00017836,          0.00078602,          0.00078602,          0.00078602
                 228,            0.010851,           0.0025106,            0.001488,             0.98015,             0.99828,             0.99261,             0.81432,            0.003185,          0.00089835,          0.00017427,          0.00077576,          0.00077576,          0.00077576
                 229,            0.010957,           0.0025295,           0.0015651,             0.97995,             0.99836,             0.99245,             0.81626,           0.0031894,          0.00090044,          0.00017444,          0.00076561,          0.00076561,          0.00076561
                 230,            0.011064,           0.0025128,           0.0015669,             0.98582,             0.99029,             0.99235,             0.81156,           0.0032013,           0.0009021,           0.0001757,          0.00075558,          0.00075558,          0.00075558
                 231,            0.011213,           0.0025549,            0.001326,              0.9763,             0.99709,             0.99247,             0.81351,           0.0031773,          0.00089923,          0.00017425,          0.00074565,          0.00074565,          0.00074565
                 232,            0.010746,           0.0025326,           0.0011667,              0.9774,             0.99438,             0.99257,             0.81629,           0.0031635,          0.00090037,           0.0001728,          0.00073584,          0.00073584,          0.00073584
                 233,            0.010727,           0.0026001,           0.0012876,               0.979,             0.99617,             0.99271,             0.81717,           0.0031805,          0.00090003,          0.00017211,          0.00072615,          0.00072615,          0.00072615
                 234,            0.010974,           0.0026071,           0.0012751,             0.98123,             0.99491,             0.99261,             0.81848,            0.003157,          0.00089753,          0.00016756,          0.00071658,          0.00071658,          0.00071658
                 235,            0.010589,           0.0024684,           0.0011363,             0.97908,             0.99828,             0.99246,             0.81563,           0.0031581,          0.00089361,          0.00016679,          0.00070712,          0.00070712,          0.00070712
                 236,            0.011017,           0.0025692,           0.0013751,             0.97866,             0.99825,             0.99228,             0.81493,           0.0032041,          0.00089735,          0.00016739,          0.00069778,          0.00069778,          0.00069778
                 237,            0.010698,           0.0025686,           0.0013048,             0.98078,             0.99591,             0.99247,             0.81742,            0.003159,          0.00089523,          0.00016502,          0.00068856,          0.00068856,          0.00068856
                 238,            0.010814,           0.0025011,           0.0013662,             0.98317,             0.99535,             0.99232,             0.81496,           0.0031925,          0.00089354,          0.00016385,          0.00067946,          0.00067946,          0.00067946
                 239,            0.011475,           0.0025579,           0.0014002,             0.98109,             0.99454,             0.99235,             0.81531,           0.0031626,          0.00089703,          0.00016231,          0.00067049,          0.00067049,          0.00067049
                 240,            0.011246,           0.0024997,           0.0014172,             0.98068,             0.99346,             0.99246,             0.81782,           0.0031535,          0.00089622,          0.00015906,          0.00066163,          0.00066163,          0.00066163
                 241,            0.010513,           0.0024599,           0.0012935,             0.98555,             0.99222,             0.99236,             0.81895,           0.0031752,          0.00089588,          0.00015905,           0.0006529,           0.0006529,           0.0006529
                 242,            0.010777,           0.0024797,           0.0012304,             0.98715,             0.99124,             0.99229,             0.81638,           0.0031557,          0.00089181,          0.00016408,           0.0006443,           0.0006443,           0.0006443
                 243,            0.010606,           0.0025588,            0.001224,             0.98682,             0.99087,             0.99243,             0.82035,           0.0031406,           0.0008907,          0.00016439,          0.00063582,          0.00063582,          0.00063582
                 244,            0.010828,           0.0025266,           0.0011969,             0.98029,             0.99746,             0.99221,             0.81891,            0.003155,           0.0008928,          0.00016167,          0.00062747,          0.00062747,          0.00062747
                 245,             0.01044,             0.00257,            0.001446,             0.98042,             0.99605,             0.99227,             0.81777,           0.0031716,          0.00089618,          0.00015706,          0.00061925,          0.00061925,          0.00061925
                 246,            0.010893,           0.0025785,           0.0013741,             0.98101,             0.99855,             0.99244,             0.81918,           0.0031307,          0.00089651,          0.00015261,          0.00061115,          0.00061115,          0.00061115
                 247,            0.010591,           0.0024334,           0.0013956,             0.98254,             0.99739,             0.99258,             0.81824,           0.0031279,          0.00089185,          0.00015007,          0.00060319,          0.00060319,          0.00060319
                 248,            0.010817,           0.0026544,           0.0012657,             0.98178,             0.99681,             0.99266,             0.81919,            0.003166,          0.00089209,          0.00015103,          0.00059535,          0.00059535,          0.00059535
                 249,              0.0112,           0.0024242,           0.0013629,             0.98143,             0.99578,             0.99269,             0.81659,           0.0031771,          0.00089428,          0.00015047,          0.00058765,          0.00058765,          0.00058765
                 250,            0.010908,           0.0025433,           0.0014419,             0.98844,              0.9879,             0.99269,              0.8202,           0.0031772,          0.00089251,          0.00014968,          0.00058008,          0.00058008,          0.00058008
                 251,             0.01045,           0.0025514,           0.0014844,             0.98389,             0.99404,             0.99258,             0.82285,             0.00312,          0.00088846,          0.00014884,          0.00057264,          0.00057264,          0.00057264
                 252,             0.01065,            0.002436,           0.0013318,             0.98114,              0.9981,             0.99246,             0.82203,             0.00311,          0.00088962,          0.00014644,          0.00056533,          0.00056533,          0.00056533
                 253,            0.011496,           0.0026789,           0.0014299,               0.991,             0.98845,             0.99247,             0.82096,           0.0031349,          0.00089267,           0.0001477,          0.00055816,          0.00055816,          0.00055816
                 254,            0.010713,           0.0025311,           0.0011775,             0.98357,             0.99292,             0.99246,             0.81907,           0.0031642,          0.00089355,          0.00014757,          0.00055112,          0.00055112,          0.00055112
                 255,            0.010572,           0.0025388,           0.0017141,             0.98243,             0.99167,             0.99257,             0.82025,           0.0031236,          0.00089149,          0.00014807,          0.00054423,          0.00054423,          0.00054423
                 256,            0.011254,           0.0026149,           0.0015933,             0.98173,             0.99599,             0.99261,             0.81706,           0.0031699,          0.00089078,          0.00014756,          0.00053746,          0.00053746,          0.00053746
                 257,            0.010452,           0.0024138,            0.001285,             0.98356,             0.99451,             0.99268,              0.8157,           0.0031903,          0.00088921,          0.00014714,          0.00053084,          0.00053084,          0.00053084
                 258,            0.010572,           0.0024849,           0.0013267,             0.98268,             0.99516,             0.99279,             0.81893,           0.0031496,          0.00088959,            0.000148,          0.00052435,          0.00052435,          0.00052435
                 259,            0.011124,           0.0026263,           0.0012884,             0.98057,              0.9952,             0.99277,             0.81803,           0.0031436,          0.00088871,           0.0001476,            0.000518,            0.000518,            0.000518
                 260,            0.010736,           0.0025379,           0.0015448,             0.98381,             0.99438,             0.99274,             0.81969,           0.0031432,          0.00088868,          0.00014709,           0.0005118,           0.0005118,           0.0005118
                 261,            0.010913,           0.0025378,           0.0015031,              0.9838,             0.99609,             0.99281,             0.82357,           0.0031576,          0.00088834,          0.00014435,          0.00050573,          0.00050573,          0.00050573
                 262,            0.010802,           0.0026002,           0.0013536,             0.98766,             0.99294,             0.99278,              0.8169,           0.0031964,          0.00089087,          0.00014443,           0.0004998,           0.0004998,           0.0004998
                 263,             0.01075,           0.0026207,             0.00141,             0.98478,             0.99437,             0.99265,             0.82023,           0.0031477,          0.00088765,          0.00014476,          0.00049402,          0.00049402,          0.00049402
                 264,            0.010548,           0.0025323,           0.0012168,             0.98478,             0.99294,             0.99263,             0.81909,           0.0031456,          0.00088564,          0.00014434,          0.00048837,          0.00048837,          0.00048837
                 265,            0.010472,           0.0025661,           0.0013905,              0.9849,              0.9944,             0.99258,             0.81755,           0.0031753,           0.0008873,           0.0001427,          0.00048287,          0.00048287,          0.00048287
                 266,            0.011186,           0.0025751,           0.0013432,             0.98451,             0.99343,             0.99265,             0.82034,           0.0031256,          0.00088112,          0.00014179,          0.00047752,          0.00047752,          0.00047752
                 267,            0.010362,           0.0024617,           0.0012282,             0.98258,             0.99305,             0.99248,             0.82012,           0.0031395,          0.00088379,          0.00014144,          0.00047231,          0.00047231,          0.00047231
                 268,            0.010523,           0.0025733,            0.001135,             0.98039,             0.99612,             0.99242,             0.81968,           0.0031677,          0.00088492,          0.00014167,          0.00046724,          0.00046724,          0.00046724
                 269,            0.010781,           0.0025418,           0.0014094,             0.98292,             0.99149,             0.99253,             0.81862,           0.0031362,          0.00088639,          0.00013945,          0.00046232,          0.00046232,          0.00046232
                 270,            0.010646,           0.0024777,           0.0010939,             0.97876,             0.99611,             0.99253,             0.82067,           0.0031162,          0.00088392,           0.0001404,          0.00045754,          0.00045754,          0.00045754
                 271,            0.010809,           0.0025638,           0.0011654,             0.97954,             0.99558,             0.99255,              0.8183,           0.0031209,          0.00088327,          0.00013949,          0.00045291,          0.00045291,          0.00045291
                 272,            0.010386,           0.0025408,           0.0016552,             0.97904,             0.99611,             0.99241,             0.82104,           0.0031074,          0.00088491,          0.00013872,          0.00044843,          0.00044843,          0.00044843
                 273,            0.010337,           0.0024385,           0.0012564,             0.98095,             0.99609,             0.99248,             0.82071,           0.0031095,          0.00088458,          0.00013481,          0.00044409,          0.00044409,          0.00044409
                 274,            0.010514,           0.0025847,           0.0013643,             0.98155,             0.99612,             0.99261,             0.82091,           0.0030965,          0.00088361,          0.00013324,          0.00043991,          0.00043991,          0.00043991
                 275,            0.010418,           0.0025775,           0.0015086,              0.9828,             0.99576,             0.99254,             0.81967,           0.0031203,          0.00088359,          0.00013258,          0.00043587,          0.00043587,          0.00043587
                 276,            0.010453,           0.0024962,           0.0012027,             0.98488,             0.99499,             0.99246,             0.81937,           0.0031148,          0.00088093,            0.000135,          0.00043198,          0.00043198,          0.00043198
                 277,            0.010319,           0.0024524,           0.0010659,             0.98674,              0.9931,             0.99253,             0.81905,            0.003091,          0.00088105,          0.00013525,          0.00042823,          0.00042823,          0.00042823
                 278,            0.010577,           0.0025187,           0.0012437,             0.98407,             0.99417,             0.99258,             0.81831,           0.0030866,          0.00087933,          0.00013587,          0.00042464,          0.00042464,          0.00042464
                 279,            0.010488,           0.0025234,           0.0014612,             0.98399,             0.99608,             0.99268,             0.81575,            0.003117,          0.00087815,          0.00013672,           0.0004212,           0.0004212,           0.0004212
                 280,            0.010755,           0.0027016,           0.0012384,             0.98875,             0.99105,              0.9927,             0.81829,           0.0031375,          0.00087973,          0.00013539,          0.00041791,          0.00041791,          0.00041791
                 281,            0.010143,           0.0025149,            0.001175,             0.98964,             0.99124,             0.99278,             0.81859,           0.0031148,          0.00088111,          0.00013478,          0.00041477,          0.00041477,          0.00041477
                 282,             0.01089,           0.0024729,           0.0012594,             0.98327,             0.99607,             0.99273,             0.81961,           0.0031303,          0.00088133,          0.00013391,          0.00041178,          0.00041178,          0.00041178
                 283,            0.010496,           0.0024821,           0.0012222,             0.98409,             0.99612,             0.99272,             0.82035,           0.0031202,          0.00088211,          0.00013217,          0.00040894,          0.00040894,          0.00040894
                 284,            0.010331,           0.0024715,           0.0013439,             0.98539,             0.99606,             0.99269,             0.82008,           0.0031338,          0.00088134,          0.00013347,          0.00040625,          0.00040625,          0.00040625
                 285,            0.010662,           0.0025552,           0.0012868,             0.98407,             0.99704,             0.99271,             0.81855,           0.0031334,          0.00088016,          0.00013359,          0.00040372,          0.00040372,          0.00040372
                 286,            0.010714,           0.0026316,           0.0012309,              0.9808,             0.99826,              0.9928,             0.81935,           0.0031178,          0.00087958,          0.00013493,          0.00040133,          0.00040133,          0.00040133
                 287,            0.010537,           0.0025023,           0.0012328,             0.98319,             0.99827,             0.99279,             0.81863,           0.0031119,          0.00088014,          0.00013333,           0.0003991,           0.0003991,           0.0003991
                 288,            0.010644,           0.0024521,           0.0015857,             0.98367,             0.99828,             0.99255,             0.81681,           0.0031224,          0.00088416,          0.00013206,          0.00039703,          0.00039703,          0.00039703
                 289,           0.0097465,           0.0025184,           0.0013172,             0.98387,             0.99828,             0.99257,             0.82014,           0.0031084,          0.00088299,          0.00013291,           0.0003951,           0.0003951,           0.0003951
                 290,            0.010285,           0.0026069,            0.001281,             0.98391,             0.99711,             0.99262,              0.8226,           0.0030965,          0.00088207,          0.00013247,          0.00039333,          0.00039333,          0.00039333
                 291,            0.010096,           0.0025817,           0.0011227,             0.98411,             0.99697,              0.9926,             0.82247,           0.0030849,          0.00088281,           0.0001326,          0.00039171,          0.00039171,          0.00039171
                 292,            0.010795,           0.0025209,           0.0011552,             0.98484,             0.99493,             0.99259,             0.82169,           0.0030822,          0.00088204,           0.0001345,          0.00039025,          0.00039025,          0.00039025
                 293,            0.011213,           0.0025037,           0.0014181,             0.98382,             0.99728,             0.99252,             0.81987,           0.0031022,          0.00088066,          0.00013194,          0.00038894,          0.00038894,          0.00038894
                 294,            0.010836,           0.0026287,           0.0013906,             0.98412,             0.99694,             0.99286,             0.82364,           0.0030868,          0.00087847,          0.00012941,          0.00038778,          0.00038778,          0.00038778
                 295,            0.010605,           0.0025242,           0.0012437,             0.98203,              0.9987,             0.99288,             0.82527,           0.0030904,          0.00087922,          0.00012998,          0.00038678,          0.00038678,          0.00038678
                 296,            0.010384,           0.0024777,           0.0010455,             0.98658,             0.99593,             0.99281,             0.82102,           0.0031136,          0.00087879,          0.00012949,          0.00038593,          0.00038593,          0.00038593
                 297,            0.010575,           0.0026671,           0.0012435,             0.98676,             0.99456,             0.99267,             0.82203,           0.0030741,          0.00087564,          0.00012962,          0.00038524,          0.00038524,          0.00038524
                 298,            0.010081,           0.0024586,           0.0011898,             0.98611,             0.99389,             0.99273,             0.82356,           0.0030914,          0.00087707,          0.00012716,          0.00038469,          0.00038469,          0.00038469
                 299,           0.0099233,           0.0023182,           0.0010694,              0.9862,             0.99254,             0.99274,             0.82015,           0.0031081,          0.00087857,          0.00013031,          0.00038431,          0.00038431,          0.00038431
